<?xml version="1.0" encoding="UTF-8" standalone="yes"?>
<addon id="repository.laggat"
       name="Repository LaggAt"
       version="1.0.0"
       provider-name="LaggAt">
  <extension point="xbmc.addon.repository">
    <info>https://raw.githubusercontent.com/LaggAt/LaggAt-Kodi/master/repo/addons.xml</info>
    <checksum>https://raw.githubusercontent.com/LaggAt/LaggAt-Kodi/master/repo/addons.xml.md5</checksum>
    <datadir>https://raw.githubusercontent.com/LaggAt/LaggAt-Kodi/master/repo/</datadir>
  </extension>
</addon>